{
  "web": {
    "client_id": "822827666847-8t9jg94sq6au5tf78r6pjc3anr7h64nm.apps.googleusercontent.com",
    "project_id": "burly-auth",
    "auth_uri": "https://accounts.google.com/o/oauth2/auth",
    "token_uri": "https://oauth2.googleapis.com/token",
    "auth_provider_x509_cert_url": "https://www.googleapis.com/oauth2/v1/certs",
    "client_secret": "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",
    "redirect_uris": ["https://api.burlynutrition.com/api/v1/auth/login"],
    "javascript_origins": [
      "https://api.burlynutrition.com/",
      "http://localhost:3000",
      "http://localhost:4000"
    ]
  }
}
